Label,Bin,R,G,B
Ayam Petelur,0,0.0,0.0,35.11666666666667
Ayam Petelur,1,0.0,0.0,63.583333333333336
Ayam Petelur,2,0.3333333333333333,5.1,102.81666666666666
Ayam Petelur,3,5.083333333333333,2.9833333333333334,192.0
Ayam Petelur,4,2.6666666666666665,4.466666666666667,389.8666666666667
Ayam Petelur,5,1.45,3.4,858.1
Ayam Petelur,6,5.483333333333333,2.0833333333333335,1936.5833333333333
Ayam Petelur,7,1.3,1.05,3913.0
Ayam Petelur,8,1.6333333333333333,2.183333333333333,6393.466666666666
Ayam Petelur,9,0.08333333333333333,2.6333333333333333,8371.283333333333
Ayam Petelur,10,2.8333333333333335,1.5,8844.066666666668
Ayam Petelur,11,0.7333333333333333,1.0833333333333333,7528.15
Ayam Petelur,12,1.8166666666666667,3.65,5164.933333333333
Ayam Petelur,13,1.9666666666666666,2.0166666666666666,3007.65
Ayam Petelur,14,0.25,2.1666666666666665,1674.2333333333333
Ayam Petelur,15,1.2,4.283333333333333,955.7
Ayam Petelur,16,2.9833333333333334,2.8333333333333335,558.8333333333334
Ayam Petelur,17,2.1333333333333333,1.6166666666666667,348.56666666666666
Ayam Petelur,18,1.8166666666666667,2.95,226.21666666666667
Ayam Petelur,19,1.4,1.5333333333333334,149.95
Ayam Petelur,20,3.0833333333333335,1.8166666666666667,102.45
Ayam Petelur,21,2.8666666666666667,1.2666666666666666,71.71666666666667
Ayam Petelur,22,0.7833333333333333,1.7666666666666666,50.35
Ayam Petelur,23,1.65,3.2666666666666666,36.95
Ayam Petelur,24,2.15,1.5333333333333334,28.466666666666665
Ayam Petelur,25,1.65,1.5166666666666666,21.55
Ayam Petelur,26,0.6,1.6333333333333333,18.183333333333334
Ayam Petelur,27,1.6,3.066666666666667,14.616666666666667
Ayam Petelur,28,1.55,2.5,13.4
Ayam Petelur,29,0.4,2.75,11.283333333333333
Ayam Petelur,30,1.7666666666666666,1.0833333333333333,10.216666666666667
Ayam Petelur,31,2.7,0.8,9.616666666666667
Ayam Petelur,32,1.2,1.25,8.833333333333334
Ayam Petelur,33,1.7666666666666666,1.7,8.6
Ayam Petelur,34,0.9833333333333333,2.2666666666666666,7.466666666666667
Ayam Petelur,35,0.7,1.45,7.683333333333334
Ayam Petelur,36,1.7833333333333334,2.15,7.15
Ayam Petelur,37,2.566666666666667,2.966666666666667,6.333333333333333
Ayam Petelur,38,2.3333333333333335,4.066666666666666,5.383333333333334
Ayam Petelur,39,1.95,4.1,5.233333333333333
Ayam Petelur,40,0.5666666666666667,4.05,4.533333333333333
Ayam Petelur,41,0.5166666666666667,3.316666666666667,4.6
Ayam Petelur,42,0.9166666666666666,2.2,4.183333333333334
Ayam Petelur,43,1.05,1.1833333333333333,4.033333333333333
Ayam Petelur,44,1.2166666666666666,1.9,3.25
Ayam Petelur,45,1.7,1.9833333333333334,3.25
Ayam Petelur,46,1.1833333333333333,1.8166666666666667,2.966666666666667
Ayam Petelur,47,1.4,2.6,2.6166666666666667
Ayam Petelur,48,1.3833333333333333,1.75,2.9833333333333334
Ayam Petelur,49,2.5,1.3833333333333333,2.7
Ayam Petelur,50,2.933333333333333,1.5666666666666667,2.566666666666667
Ayam Petelur,51,3.35,1.7166666666666666,2.8833333333333333
Ayam Petelur,52,2.066666666666667,2.316666666666667,2.7
Ayam Petelur,53,3.4,2.1,2.783333333333333
Ayam Petelur,54,3.033333333333333,1.7666666666666666,3.05
Ayam Petelur,55,2.533333333333333,1.1,2.816666666666667
Ayam Petelur,56,1.2,1.6666666666666667,2.2333333333333334
Ayam Petelur,57,0.7,1.6666666666666667,2.1166666666666667
Ayam Petelur,58,0.9166666666666666,1.5833333333333333,2.5833333333333335
Ayam Petelur,59,1.6166666666666667,1.7333333333333334,2.3666666666666667
Ayam Petelur,60,1.6166666666666667,1.7,2.1333333333333333
Ayam Petelur,61,1.95,1.8833333333333333,1.85
Ayam Petelur,62,1.4166666666666667,1.55,2.033333333333333
Ayam Petelur,63,1.55,2.2666666666666666,2.033333333333333
Ayam Petelur,64,1.3,2.316666666666667,2.216666666666667
Ayam Petelur,65,1.5666666666666667,2.9,2.1
Ayam Petelur,66,1.2,2.533333333333333,2.15
Ayam Petelur,67,0.6,2.7333333333333334,2.2
Ayam Petelur,68,1.2833333333333334,2.6,1.8666666666666667
Ayam Petelur,69,2.1,1.7,2.466666666666667
Ayam Petelur,70,1.4166666666666667,1.9166666666666667,2.2666666666666666
Ayam Petelur,71,1.8,2.35,2.283333333333333
Ayam Petelur,72,1.3166666666666667,2.283333333333333,2.0166666666666666
Ayam Petelur,73,0.6,1.4333333333333333,2.1166666666666667
Ayam Petelur,74,0.36666666666666664,2.066666666666667,1.9166666666666667
Ayam Petelur,75,1.0833333333333333,1.7,1.8833333333333333
Ayam Petelur,76,1.2,1.7333333333333334,2.0833333333333335
Ayam Petelur,77,1.3666666666666667,1.7,1.9333333333333333
Ayam Petelur,78,1.2166666666666666,2.433333333333333,2.0
Ayam Petelur,79,1.4166666666666667,2.1166666666666667,1.65
Ayam Petelur,80,1.8666666666666667,2.033333333333333,1.9166666666666667
Ayam Petelur,81,2.2333333333333334,1.6333333333333333,1.85
Ayam Petelur,82,1.3,1.7166666666666666,1.8
Ayam Petelur,83,0.9666666666666667,1.9833333333333334,2.2333333333333334
Ayam Petelur,84,1.3333333333333333,2.183333333333333,2.033333333333333
Ayam Petelur,85,1.2833333333333334,2.6333333333333333,2.216666666666667
Ayam Petelur,86,1.9666666666666666,2.8833333333333333,1.9666666666666666
Ayam Petelur,87,1.8666666666666667,2.95,1.95
Ayam Petelur,88,1.7666666666666666,2.7333333333333334,1.7
Ayam Petelur,89,2.2,2.4166666666666665,2.2
Ayam Petelur,90,2.433333333333333,2.783333333333333,1.9333333333333333
Ayam Petelur,91,2.183333333333333,3.05,1.9166666666666667
Ayam Petelur,92,1.8666666666666667,3.25,2.066666666666667
Ayam Petelur,93,1.8,2.816666666666667,2.2333333333333334
Ayam Petelur,94,1.2666666666666666,2.8666666666666667,2.15
Ayam Petelur,95,1.3,3.6166666666666667,2.033333333333333
Ayam Petelur,96,1.0333333333333334,3.316666666666667,1.6833333333333333
Ayam Petelur,97,1.2166666666666666,3.466666666666667,1.5
Ayam Petelur,98,0.7833333333333333,3.066666666666667,1.8333333333333333
Ayam Petelur,99,0.9833333333333333,3.7333333333333334,1.7833333333333334
Ayam Petelur,100,1.1,2.316666666666667,1.5666666666666667
Ayam Petelur,101,1.0666666666666667,1.6833333333333333,1.3833333333333333
Ayam Petelur,102,1.0833333333333333,1.45,1.5
Ayam Petelur,103,1.7833333333333334,2.183333333333333,1.4833333333333334
Ayam Petelur,104,1.6833333333333333,2.1666666666666665,1.6833333333333333
Ayam Petelur,105,2.0833333333333335,2.4,1.6
Ayam Petelur,106,1.9,3.033333333333333,1.2333333333333334
Ayam Petelur,107,1.6166666666666667,3.0833333333333335,1.4333333333333333
Ayam Petelur,108,1.5,2.933333333333333,1.5
Ayam Petelur,109,1.2666666666666666,3.55,1.3
Ayam Petelur,110,1.9333333333333333,3.216666666666667,1.5833333333333333
Ayam Petelur,111,1.7833333333333334,4.25,1.1833333333333333
Ayam Petelur,112,1.5333333333333334,6.266666666666667,1.4666666666666666
Ayam Petelur,113,2.216666666666667,11.766666666666667,1.45
Ayam Petelur,114,2.566666666666667,22.233333333333334,1.55
Ayam Petelur,115,2.45,45.983333333333334,1.65
Ayam Petelur,116,2.55,89.75,1.5166666666666666
Ayam Petelur,117,2.15,184.21666666666667,1.6333333333333333
Ayam Petelur,118,1.7833333333333334,386.1666666666667,1.8
Ayam Petelur,119,1.65,783.7333333333333,1.55
Ayam Petelur,120,2.0166666666666666,1419.7333333333333,1.7666666666666666
Ayam Petelur,121,2.1666666666666665,2275.7166666666667,1.5
Ayam Petelur,122,2.033333333333333,3100.9333333333334,1.6666666666666667
Ayam Petelur,123,1.9,3685.8166666666666,1.5666666666666667
Ayam Petelur,124,1.6833333333333333,3996.2833333333333,1.7
Ayam Petelur,125,1.75,4175.933333333333,1.6166666666666667
Ayam Petelur,126,2.8833333333333333,4293.233333333334,1.35
Ayam Petelur,127,2.9,3913.5666666666666,1.5166666666666666
Ayam Petelur,128,2.75,3578.15,1.7333333333333334
Ayam Petelur,129,2.4,3231.95,1.4
Ayam Petelur,130,2.3,2724.1833333333334,1.4833333333333334
Ayam Petelur,131,2.45,2246.0833333333335,1.5833333333333333
Ayam Petelur,132,1.7666666666666666,1804.45,1.3
Ayam Petelur,133,1.9833333333333334,1516.5833333333333,1.5166666666666666
Ayam Petelur,134,2.1166666666666667,1341.3666666666666,1.2166666666666666
Ayam Petelur,135,1.8333333333333333,1110.8,1.65
Ayam Petelur,136,1.2333333333333334,933.5166666666667,1.3333333333333333
Ayam Petelur,137,1.6833333333333333,804.4666666666667,1.1333333333333333
Ayam Petelur,138,2.15,726.2166666666667,1.25
Ayam Petelur,139,1.7833333333333334,644.9666666666667,1.2833333333333334
Ayam Petelur,140,2.15,553.8166666666667,1.4166666666666667
Ayam Petelur,141,2.5,445.8333333333333,1.2666666666666666
Ayam Petelur,142,1.5166666666666666,305.9166666666667,1.35
Ayam Petelur,143,1.5833333333333333,195.06666666666666,1.2666666666666666
Ayam Petelur,144,1.5333333333333334,121.16666666666667,0.9166666666666666
Ayam Petelur,145,1.9166666666666667,72.81666666666666,1.4333333333333333
Ayam Petelur,146,1.8666666666666667,45.11666666666667,1.4
Ayam Petelur,147,1.7166666666666666,29.9,1.2333333333333334
Ayam Petelur,148,1.5666666666666667,21.35,1.5166666666666666
Ayam Petelur,149,2.183333333333333,17.6,1.35
Ayam Petelur,150,2.1166666666666667,14.833333333333334,1.55
Ayam Petelur,151,2.45,12.483333333333333,1.35
Ayam Petelur,152,3.6666666666666665,11.65,1.4666666666666666
Ayam Petelur,153,5.033333333333333,10.816666666666666,1.2
Ayam Petelur,154,5.75,10.116666666666667,1.4333333333333333
Ayam Petelur,155,6.9,9.616666666666667,1.2666666666666666
Ayam Petelur,156,7.383333333333334,8.966666666666667,1.4333333333333333
Ayam Petelur,157,7.0,8.35,1.4
Ayam Petelur,158,6.683333333333334,7.683333333333334,1.2
Ayam Petelur,159,7.0,8.116666666666667,1.2833333333333334
Ayam Petelur,160,7.833333333333333,6.65,1.55
Ayam Petelur,161,9.183333333333334,6.516666666666667,1.3333333333333333
Ayam Petelur,162,14.016666666666667,5.966666666666667,1.4
Ayam Petelur,163,26.433333333333334,6.016666666666667,1.5833333333333333
Ayam Petelur,164,54.65,4.8,1.4166666666666667
Ayam Petelur,165,108.86666666666666,4.883333333333334,1.1
Ayam Petelur,166,196.56666666666666,4.433333333333334,1.2666666666666666
Ayam Petelur,167,327.96666666666664,3.566666666666667,1.4333333333333333
Ayam Petelur,168,524.1333333333333,3.75,1.5333333333333334
Ayam Petelur,169,784.65,4.016666666666667,1.45
Ayam Petelur,170,1111.5833333333333,3.7333333333333334,1.5
Ayam Petelur,171,1574.8833333333334,2.85,1.7166666666666666
Ayam Petelur,172,2190.3,2.966666666666667,1.8
Ayam Petelur,173,2969.5333333333333,2.8833333333333333,1.4166666666666667
Ayam Petelur,174,3769.483333333333,2.8333333333333335,1.75
Ayam Petelur,175,4403.533333333334,2.6333333333333333,1.6833333333333333
Ayam Petelur,176,4814.25,2.8833333333333333,1.5833333333333333
Ayam Petelur,177,4876.466666666666,2.4833333333333334,1.5666666666666667
Ayam Petelur,178,4526.116666666667,3.0166666666666666,1.4166666666666667
Ayam Petelur,179,3995.5333333333333,2.7333333333333334,1.6
Ayam Petelur,180,3512.7833333333333,2.4833333333333334,1.6166666666666667
Ayam Petelur,181,3132.25,2.7,1.8
Ayam Petelur,182,2638.5333333333333,2.6,1.8833333333333333
Ayam Petelur,183,2001.4,2.35,1.8333333333333333
Ayam Petelur,184,1357.85,2.283333333333333,1.8333333333333333
Ayam Petelur,185,778.2833333333333,2.45,2.25
Ayam Petelur,186,438.43333333333334,2.5833333333333335,2.4166666666666665
Ayam Petelur,187,253.93333333333334,2.0166666666666666,2.6333333333333333
Ayam Petelur,188,155.18333333333334,2.4166666666666665,2.2333333333333334
Ayam Petelur,189,101.21666666666667,2.5833333333333335,2.816666666666667
Ayam Petelur,190,69.68333333333334,2.4,2.566666666666667
Ayam Petelur,191,47.05,2.2666666666666666,2.783333333333333
Ayam Petelur,192,34.68333333333333,2.4166666666666665,2.7333333333333334
Ayam Petelur,193,26.0,2.2333333333333334,3.1666666666666665
Ayam Petelur,194,19.733333333333334,2.183333333333333,2.6666666666666665
Ayam Petelur,195,15.633333333333333,2.1333333333333333,2.7666666666666666
Ayam Petelur,196,13.183333333333334,2.1,2.35
Ayam Petelur,197,12.0,2.0166666666666666,2.4
Ayam Petelur,198,10.65,1.9,2.066666666666667
Ayam Petelur,199,10.2,2.066666666666667,2.0166666666666666
Ayam Petelur,200,9.333333333333334,2.183333333333333,1.3166666666666667
Ayam Petelur,201,8.85,2.15,1.2
Ayam Petelur,202,8.016666666666667,1.9333333333333333,0.8833333333333333
Ayam Petelur,203,8.05,1.75,0.65
Ayam Petelur,204,7.266666666666667,1.95,0.8333333333333334
Ayam Petelur,205,6.85,1.6333333333333333,0.85
Ayam Petelur,206,6.233333333333333,1.8333333333333333,0.65
Ayam Petelur,207,6.183333333333334,2.183333333333333,0.7833333333333333
Ayam Petelur,208,5.066666666666666,1.7,0.75
Ayam Petelur,209,4.433333333333334,1.8,0.7833333333333333
Ayam Petelur,210,4.383333333333334,2.2333333333333334,0.8333333333333334
Ayam Petelur,211,3.783333333333333,2.3666666666666667,0.8166666666666667
Ayam Petelur,212,3.8833333333333333,2.066666666666667,0.7
Ayam Petelur,213,3.5,2.2666666666666666,0.6666666666666666
Ayam Petelur,214,3.1,1.9333333333333333,0.9333333333333333
Ayam Petelur,215,2.75,2.066666666666667,0.9166666666666666
Ayam Petelur,216,3.05,2.4166666666666665,0.85
Ayam Petelur,217,2.9833333333333334,2.283333333333333,0.7333333333333333
Ayam Petelur,218,3.183333333333333,2.1166666666666667,1.0333333333333334
Ayam Petelur,219,2.65,2.1,0.8166666666666667
Ayam Petelur,220,2.433333333333333,2.4166666666666665,0.8666666666666667
Ayam Petelur,221,2.683333333333333,2.1166666666666667,1.0833333333333333
Ayam Petelur,222,2.3333333333333335,2.3666666666666667,0.9166666666666666
Ayam Petelur,223,2.6,2.3333333333333335,0.9333333333333333
Ayam Petelur,224,2.8,2.5166666666666666,1.1833333333333333
Ayam Petelur,225,2.9,2.4166666666666665,1.25
Ayam Petelur,226,2.6,2.3833333333333333,1.1
Ayam Petelur,227,2.5166666666666666,2.5166666666666666,1.35
Ayam Petelur,228,2.6666666666666665,2.6166666666666667,1.3166666666666667
Ayam Petelur,229,2.6666666666666665,2.7333333333333334,1.35
Ayam Petelur,230,2.6333333333333333,3.283333333333333,1.5666666666666667
Ayam Petelur,231,2.45,3.25,1.7
Ayam Petelur,232,2.7333333333333334,3.65,1.6833333333333333
Ayam Petelur,233,2.55,3.7333333333333334,1.8666666666666667
Ayam Petelur,234,3.0,4.766666666666667,2.2666666666666666
Ayam Petelur,235,2.8833333333333333,4.8,2.35
Ayam Petelur,236,2.7333333333333334,4.7,2.783333333333333
Ayam Petelur,237,2.533333333333333,5.433333333333334,3.1666666666666665
Ayam Petelur,238,3.183333333333333,6.8,2.75
Ayam Petelur,239,2.9166666666666665,5.983333333333333,2.966666666666667
Ayam Petelur,240,2.9,5.033333333333333,3.0
Ayam Petelur,241,3.0,3.5166666666666666,3.433333333333333
Ayam Petelur,242,3.2666666666666666,3.2333333333333334,3.55
Ayam Petelur,243,3.1333333333333333,2.283333333333333,4.033333333333333
Ayam Petelur,244,3.066666666666667,2.466666666666667,4.3
Ayam Petelur,245,3.533333333333333,2.3833333333333333,5.016666666666667
Ayam Petelur,246,3.8666666666666667,1.65,8.75
Ayam Petelur,247,3.6,1.7,10.283333333333333
Ayam Petelur,248,3.95,2.15,29.95
Ayam Petelur,249,3.933333333333333,2.316666666666667,11.716666666666667
Ayam Petelur,250,4.666666666666667,2.5166666666666666,23.483333333333334
Ayam Petelur,251,5.533333333333333,3.0833333333333335,4.233333333333333
Ayam Petelur,252,6.8,3.45,0.5666666666666667
Ayam Petelur,253,9.433333333333334,6.966666666666667,0.3333333333333333
Ayam Petelur,254,25.366666666666667,20.333333333333332,0.016666666666666666
Ayam Petelur,255,158.9,103.28333333333333,0.0
Bebek,0,0.0,0.0,8.183333333333334
Bebek,1,0.0,0.48333333333333334,35.18333333333333
Bebek,2,0.11666666666666667,12.083333333333334,27.483333333333334
Bebek,3,1.3666666666666667,10.15,37.483333333333334
Bebek,4,7.483333333333333,10.766666666666667,59.56666666666667
Bebek,5,3.466666666666667,6.833333333333333,108.01666666666667
Bebek,6,3.9,4.6,198.3
Bebek,7,4.483333333333333,4.416666666666667,389.3333333333333
Bebek,8,5.85,5.316666666666666,818.4666666666667
Bebek,9,4.533333333333333,5.333333333333333,1714.1
Bebek,10,3.7666666666666666,5.133333333333334,3141.766666666667
Bebek,11,2.7333333333333334,5.533333333333333,4864.066666666667
Bebek,12,2.85,5.766666666666667,6261.933333333333
Bebek,13,2.75,4.6,6786.966666666666
Bebek,14,1.7333333333333334,4.4,6169.266666666666
Bebek,15,1.9833333333333334,4.1,4945.083333333333
Bebek,16,2.2,4.166666666666667,3803.6666666666665
Bebek,17,2.1,4.533333333333333,2927.65
Bebek,18,2.433333333333333,4.3,2272.7166666666667
Bebek,19,2.3666666666666667,3.75,1710.2166666666667
Bebek,20,2.216666666666667,4.133333333333334,1236.2833333333333
Bebek,21,2.216666666666667,4.066666666666666,859.35
Bebek,22,2.433333333333333,3.9,578.6666666666666
Bebek,23,2.1166666666666667,3.8333333333333335,396.18333333333334
Bebek,24,2.466666666666667,3.2333333333333334,285.71666666666664
Bebek,25,2.8,3.2333333333333334,217.48333333333332
Bebek,26,2.566666666666667,3.183333333333333,169.36666666666667
Bebek,27,2.3333333333333335,2.65,140.15
Bebek,28,2.3666666666666667,3.1166666666666667,124.35
Bebek,29,2.5,2.85,106.01666666666667
Bebek,30,1.9833333333333334,3.066666666666667,94.96666666666667
Bebek,31,1.9833333333333334,2.95,85.56666666666666
Bebek,32,1.9,2.9166666666666665,80.0
Bebek,33,1.75,2.6333333333333333,72.53333333333333
Bebek,34,1.8666666666666667,2.7,64.96666666666667
Bebek,35,1.95,2.816666666666667,59.733333333333334
Bebek,36,1.8833333333333333,2.5166666666666666,51.61666666666667
Bebek,37,1.8666666666666667,2.3833333333333333,43.65
Bebek,38,2.0,2.8333333333333335,37.13333333333333
Bebek,39,1.7166666666666666,2.683333333333333,30.183333333333334
Bebek,40,2.1,2.933333333333333,25.4
Bebek,41,2.0166666666666666,2.75,20.033333333333335
Bebek,42,1.8,2.6,16.65
Bebek,43,1.5833333333333333,2.9,14.683333333333334
Bebek,44,1.8166666666666667,2.8,12.666666666666666
Bebek,45,1.7,2.45,10.433333333333334
Bebek,46,1.9,2.3833333333333333,9.483333333333333
Bebek,47,1.9,3.0,8.483333333333333
Bebek,48,1.8,2.9833333333333334,7.5
Bebek,49,1.5666666666666667,2.466666666666667,7.866666666666666
Bebek,50,1.5166666666666666,2.8833333333333333,7.466666666666667
Bebek,51,1.95,3.316666666666667,6.666666666666667
Bebek,52,1.5333333333333334,4.75,6.466666666666667
Bebek,53,1.5833333333333333,7.833333333333333,6.516666666666667
Bebek,54,1.5,14.333333333333334,6.0
Bebek,55,1.75,29.283333333333335,6.2
Bebek,56,1.3333333333333333,57.55,5.916666666666667
Bebek,57,1.2833333333333334,123.05,5.4
Bebek,58,1.8333333333333333,257.6166666666667,5.45
Bebek,59,1.3833333333333333,548.2333333333333,5.066666666666666
Bebek,60,1.2333333333333334,1065.4333333333334,4.8
Bebek,61,1.55,1794.8166666666666,4.733333333333333
Bebek,62,1.4,2657.35,4.583333333333333
Bebek,63,1.1833333333333333,3457.883333333333,4.416666666666667
Bebek,64,1.3833333333333333,4056.25,5.366666666666666
Bebek,65,1.0833333333333333,4277.183333333333,3.85
Bebek,66,1.2,4146.883333333333,4.216666666666667
Bebek,67,1.4833333333333334,3802.516666666667,4.0
Bebek,68,1.55,3353.9,3.5166666666666666
Bebek,69,1.4666666666666666,2984.85,3.35
Bebek,70,1.3333333333333333,2676.85,3.65
Bebek,71,1.2666666666666666,2433.4,3.2
Bebek,72,1.4666666666666666,2152.516666666667,3.316666666666667
Bebek,73,1.4833333333333334,1872.85,2.683333333333333
Bebek,74,1.1666666666666667,1630.25,2.9166666666666665
Bebek,75,1.2,1412.5833333333333,3.0
Bebek,76,1.2833333333333334,1198.65,2.7
Bebek,77,0.9333333333333333,1029.85,3.0
Bebek,78,1.35,858.6,2.6333333333333333
Bebek,79,1.2333333333333334,681.3166666666667,3.0
Bebek,80,1.2333333333333334,507.4,2.816666666666667
Bebek,81,1.2,354.45,2.6666666666666665
Bebek,82,1.3,261.2,2.8833333333333333
Bebek,83,1.0333333333333334,196.36666666666667,2.7666666666666666
Bebek,84,1.0666666666666667,157.1,2.9833333333333334
Bebek,85,0.9333333333333333,129.83333333333334,2.6166666666666667
Bebek,86,1.3333333333333333,111.55,2.566666666666667
Bebek,87,1.15,99.1,2.566666666666667
Bebek,88,1.45,90.11666666666666,2.683333333333333
Bebek,89,1.2166666666666666,80.66666666666667,2.6666666666666665
Bebek,90,1.3833333333333333,71.83333333333333,2.966666666666667
Bebek,91,1.2666666666666666,63.9,2.433333333333333
Bebek,92,1.1,56.31666666666667,2.5833333333333335
Bebek,93,1.5166666666666666,49.2,2.9833333333333334
Bebek,94,0.9666666666666667,40.63333333333333,3.0166666666666666
Bebek,95,0.9833333333333333,33.3,2.75
Bebek,96,1.1666666666666667,27.466666666666665,3.2
Bebek,97,1.05,21.233333333333334,2.7
Bebek,98,1.1666666666666667,16.816666666666666,2.3
Bebek,99,1.2833333333333334,14.516666666666667,2.75
Bebek,100,1.4666666666666666,11.833333333333334,2.466666666666667
Bebek,101,1.3833333333333333,10.1,2.35
Bebek,102,1.1833333333333333,8.1,2.65
Bebek,103,1.0666666666666667,7.866666666666666,2.966666666666667
Bebek,104,1.25,7.333333333333333,2.533333333333333
Bebek,105,1.1833333333333333,6.783333333333333,2.55
Bebek,106,1.1333333333333333,6.55,2.533333333333333
Bebek,107,1.1333333333333333,5.283333333333333,2.4166666666666665
Bebek,108,1.3166666666666667,5.616666666666666,2.6333333333333333
Bebek,109,1.1,5.3,2.566666666666667
Bebek,110,1.3166666666666667,4.8,2.3666666666666667
Bebek,111,1.2166666666666666,4.65,2.816666666666667
Bebek,112,1.1,4.15,2.5
Bebek,113,1.45,4.366666666666666,2.35
Bebek,114,1.2666666666666666,4.766666666666667,2.533333333333333
Bebek,115,1.3,4.266666666666667,2.183333333333333
Bebek,116,1.1,3.85,2.3666666666666667
Bebek,117,1.1333333333333333,4.6,2.6333333333333333
Bebek,118,0.9666666666666667,4.283333333333333,2.35
Bebek,119,1.1833333333333333,4.6,2.5
Bebek,120,1.1666666666666667,3.75,2.3333333333333335
Bebek,121,1.1,3.6,2.6
Bebek,122,1.2333333333333334,3.5,2.433333333333333
Bebek,123,0.9833333333333333,3.1166666666666667,2.2
Bebek,124,1.4,3.5166666666666666,2.2333333333333334
Bebek,125,1.0833333333333333,3.4,2.2666666666666666
Bebek,126,1.15,3.3333333333333335,2.35
Bebek,127,1.3166666666666667,2.85,2.433333333333333
Bebek,128,1.6833333333333333,3.05,2.6333333333333333
Bebek,129,1.2166666666666666,3.3,2.566666666666667
Bebek,130,1.4,3.066666666666667,2.566666666666667
Bebek,131,1.4166666666666667,2.9833333333333334,2.6333333333333333
Bebek,132,0.9333333333333333,2.716666666666667,2.6
Bebek,133,1.1333333333333333,2.716666666666667,2.7
Bebek,134,1.25,2.8,2.716666666666667
Bebek,135,1.1666666666666667,2.75,3.05
Bebek,136,1.3333333333333333,2.8666666666666667,2.65
Bebek,137,1.5,2.7333333333333334,2.65
Bebek,138,1.4333333333333333,2.8833333333333333,2.533333333333333
Bebek,139,1.7,2.8666666666666667,2.6666666666666665
Bebek,140,1.65,2.3666666666666667,2.566666666666667
Bebek,141,1.7,2.1666666666666665,2.9833333333333334
Bebek,142,1.9,2.3666666666666667,3.2333333333333334
Bebek,143,2.05,2.3833333333333333,3.066666666666667
Bebek,144,2.283333333333333,2.6666666666666665,3.3666666666666667
Bebek,145,2.533333333333333,2.4166666666666665,3.3666666666666667
Bebek,146,2.4833333333333334,2.6,3.1
Bebek,147,2.683333333333333,2.7,3.3333333333333335
Bebek,148,2.716666666666667,2.6666666666666665,3.283333333333333
Bebek,149,2.8666666666666667,2.7,3.316666666666667
Bebek,150,2.75,2.8666666666666667,3.3666666666666667
Bebek,151,3.216666666666667,2.45,3.15
Bebek,152,3.3833333333333333,2.7666666666666666,2.966666666666667
Bebek,153,3.4166666666666665,2.933333333333333,3.2666666666666666
Bebek,154,4.183333333333334,2.75,3.2
Bebek,155,3.816666666666667,2.95,2.65
Bebek,156,4.95,3.1333333333333333,2.95
Bebek,157,6.116666666666666,3.4,2.75
Bebek,158,7.333333333333333,3.25,2.9833333333333334
Bebek,159,11.566666666666666,2.9166666666666665,2.7
Bebek,160,17.183333333333334,2.95,2.5166666666666666
Bebek,161,31.883333333333333,3.1666666666666665,2.8833333333333333
Bebek,162,58.46666666666667,2.9833333333333334,2.683333333333333
Bebek,163,120.41666666666667,2.7,2.8
Bebek,164,229.41666666666666,2.9166666666666665,2.533333333333333
Bebek,165,416.76666666666665,3.05,2.5
Bebek,166,758.2333333333333,3.05,2.75
Bebek,167,1314.8166666666666,2.783333333333333,2.716666666666667
Bebek,168,2119.516666666667,3.433333333333333,2.6
Bebek,169,3136.05,3.316666666666667,2.783333333333333
Bebek,170,4239.3,3.15,3.15
Bebek,171,5162.2,3.25,2.466666666666667
Bebek,172,5590.0,3.5833333333333335,3.05
Bebek,173,5373.733333333334,3.1333333333333333,2.6166666666666667
Bebek,174,4736.65,3.4,2.466666666666667
Bebek,175,3859.766666666667,4.3,2.8666666666666667
Bebek,176,3054.633333333333,3.2666666666666666,3.1666666666666665
Bebek,177,2445.366666666667,4.016666666666667,3.066666666666667
Bebek,178,1965.1333333333334,3.783333333333333,3.05
Bebek,179,1602.25,3.7666666666666666,3.033333333333333
Bebek,180,1261.5666666666666,3.6333333333333333,3.216666666666667
Bebek,181,969.85,3.433333333333333,3.15
Bebek,182,700.15,3.6,3.1333333333333333
Bebek,183,472.53333333333336,3.6333333333333333,3.25
Bebek,184,316.45,3.4833333333333334,3.3666666666666667
Bebek,185,220.95,3.85,3.75
Bebek,186,169.11666666666667,3.5833333333333335,2.783333333333333
Bebek,187,135.03333333333333,4.016666666666667,2.933333333333333
Bebek,188,110.08333333333333,3.35,3.05
Bebek,189,92.2,4.033333333333333,2.65
Bebek,190,77.8,3.4166666666666665,2.533333333333333
Bebek,191,64.05,3.566666666666667,2.15
Bebek,192,52.083333333333336,3.2333333333333334,2.533333333333333
Bebek,193,40.7,3.5833333333333335,2.2333333333333334
Bebek,194,34.35,3.15,2.216666666666667
Bebek,195,26.583333333333332,2.966666666666667,2.25
Bebek,196,21.15,2.7333333333333334,2.1666666666666665
Bebek,197,17.8,3.283333333333333,1.7333333333333334
Bebek,198,14.75,3.2333333333333334,1.6
Bebek,199,11.933333333333334,3.55,2.0166666666666666
Bebek,200,9.866666666666667,3.0,1.75
Bebek,201,9.416666666666666,3.15,1.4833333333333334
Bebek,202,8.166666666666666,3.5166666666666666,1.75
Bebek,203,7.683333333333334,2.95,1.7333333333333334
Bebek,204,6.566666666666666,3.6333333333333333,1.8833333333333333
Bebek,205,5.85,3.2666666666666666,1.3166666666666667
Bebek,206,6.016666666666667,3.6166666666666667,1.4666666666666666
Bebek,207,4.85,4.45,1.4333333333333333
Bebek,208,5.066666666666666,3.9833333333333334,1.6
Bebek,209,4.866666666666666,3.8833333333333333,1.55
Bebek,210,4.55,4.05,1.4
Bebek,211,4.816666666666666,4.266666666666667,1.5
Bebek,212,4.65,3.8,1.6666666666666667
Bebek,213,4.433333333333334,3.683333333333333,1.5333333333333334
Bebek,214,4.516666666666667,3.1666666666666665,1.6
Bebek,215,4.433333333333334,2.9833333333333334,1.5333333333333334
Bebek,216,4.066666666666666,2.783333333333333,1.35
Bebek,217,4.833333333333333,2.4833333333333334,1.6333333333333333
Bebek,218,4.883333333333334,2.55,1.4
Bebek,219,4.233333333333333,2.433333333333333,1.4
Bebek,220,4.5,2.2666666666666666,1.4166666666666667
Bebek,221,4.6,1.9833333333333334,1.3833333333333333
Bebek,222,4.95,2.033333333333333,1.5333333333333334
Bebek,223,5.0,1.9666666666666666,1.45
Bebek,224,4.916666666666667,1.9833333333333334,1.5333333333333334
Bebek,225,4.966666666666667,2.05,1.2
Bebek,226,5.1,1.9,1.4333333333333333
Bebek,227,4.6,2.05,1.6
Bebek,228,4.883333333333334,1.8833333333333333,1.6833333333333333
Bebek,229,5.583333333333333,1.4833333333333334,1.8
Bebek,230,5.1,1.8666666666666667,1.75
Bebek,231,5.0,1.9,1.5333333333333334
Bebek,232,4.8,2.033333333333333,1.5833333333333333
Bebek,233,5.4,1.8166666666666667,2.0166666666666666
Bebek,234,6.216666666666667,1.8166666666666667,1.6666666666666667
Bebek,235,5.483333333333333,1.95,2.066666666666667
Bebek,236,5.2,1.65,2.1
Bebek,237,6.366666666666666,1.9333333333333333,1.6166666666666667
Bebek,238,5.55,2.0,2.2
Bebek,239,5.35,2.0,2.1333333333333333
Bebek,240,6.016666666666667,2.2666666666666666,2.2333333333333334
Bebek,241,5.733333333333333,2.15,2.283333333333333
Bebek,242,5.333333333333333,2.3333333333333335,2.25
Bebek,243,5.516666666666667,2.4,2.3333333333333335
Bebek,244,6.333333333333333,2.2333333333333334,2.7
Bebek,245,5.5,2.9,2.716666666666667
Bebek,246,5.966666666666667,2.7666666666666666,3.1333333333333333
Bebek,247,6.466666666666667,3.4833333333333334,3.9166666666666665
Bebek,248,6.55,3.75,4.1
Bebek,249,6.05,4.416666666666667,5.15
Bebek,250,7.05,5.083333333333333,8.433333333333334
Bebek,251,9.15,6.15,18.366666666666667
Bebek,252,18.316666666666666,7.133333333333334,21.733333333333334
Bebek,253,24.066666666666666,11.716666666666667,187.2
Bebek,254,183.23333333333332,33.266666666666666,28.166666666666668
Bebek,255,138.06666666666666,264.01666666666665,37.93333333333333
Puyuh,0,0.0,0.0,40.85
Puyuh,1,0.0,0.0,46.86666666666667
Puyuh,2,3.1333333333333333,4.366666666666666,46.016666666666666
Puyuh,3,3.35,3.9166666666666665,47.666666666666664
Puyuh,4,3.2666666666666666,3.7333333333333334,59.43333333333333
Puyuh,5,3.6,3.216666666666667,84.03333333333333
Puyuh,6,2.683333333333333,3.3333333333333335,152.01666666666668
Puyuh,7,2.75,2.966666666666667,342.76666666666665
Puyuh,8,2.783333333333333,2.7333333333333334,894.9666666666667
Puyuh,9,2.4,2.95,2335.133333333333
Puyuh,10,2.216666666666667,2.6166666666666667,5169.566666666667
Puyuh,11,2.566666666666667,2.6333333333333333,8184.55
Puyuh,12,2.3833333333333333,2.4166666666666665,10302.433333333332
Puyuh,13,2.3333333333333335,2.95,9586.916666666666
Puyuh,14,2.183333333333333,2.3,6661.766666666666
Puyuh,15,2.7666666666666666,2.283333333333333,4105.0
Puyuh,16,1.7666666666666666,2.8666666666666667,2257.7833333333333
Puyuh,17,2.0,2.283333333333333,1140.5833333333333
Puyuh,18,2.6166666666666667,2.4,614.2833333333333
Puyuh,19,1.9,2.1166666666666667,371.56666666666666
Puyuh,20,2.183333333333333,3.1,241.18333333333334
Puyuh,21,1.8833333333333333,1.9833333333333334,166.71666666666667
Puyuh,22,2.2333333333333334,2.033333333333333,116.76666666666667
Puyuh,23,2.3333333333333335,2.466666666666667,84.23333333333333
Puyuh,24,2.033333333333333,1.9666666666666666,62.25
Puyuh,25,1.7333333333333334,2.1666666666666665,47.05
Puyuh,26,2.0833333333333335,2.216666666666667,34.71666666666667
Puyuh,27,1.7,1.5,29.016666666666666
Puyuh,28,1.8333333333333333,1.8,22.916666666666668
Puyuh,29,2.033333333333333,1.9833333333333334,18.766666666666666
Puyuh,30,1.7666666666666666,1.8833333333333333,17.016666666666666
Puyuh,31,1.4333333333333333,1.8166666666666667,15.7
Puyuh,32,1.7166666666666666,2.0,14.016666666666667
Puyuh,33,1.55,1.5166666666666666,12.366666666666667
Puyuh,34,1.7666666666666666,1.7833333333333334,11.7
Puyuh,35,1.6333333333333333,1.75,11.15
Puyuh,36,1.6,1.7833333333333334,10.233333333333333
Puyuh,37,1.7166666666666666,2.15,11.016666666666667
Puyuh,38,1.4,2.0833333333333335,8.8
Puyuh,39,1.4,1.4333333333333333,8.316666666666666
Puyuh,40,1.55,1.7,9.183333333333334
Puyuh,41,1.6333333333333333,1.8833333333333333,7.866666666666666
Puyuh,42,1.8833333333333333,2.2333333333333334,8.1
Puyuh,43,1.9666666666666666,1.6833333333333333,7.816666666666666
Puyuh,44,1.4166666666666667,1.7666666666666666,7.516666666666667
Puyuh,45,1.4666666666666666,1.5666666666666667,7.05
Puyuh,46,1.3333333333333333,2.2333333333333334,7.65
Puyuh,47,1.8333333333333333,2.2333333333333334,7.2
Puyuh,48,1.7333333333333334,1.4666666666666666,6.8
Puyuh,49,1.4166666666666667,1.6666666666666667,7.333333333333333
Puyuh,50,1.75,1.15,6.116666666666666
Puyuh,51,1.5,1.55,6.55
Puyuh,52,1.7,1.8,7.033333333333333
Puyuh,53,1.8166666666666667,1.6166666666666667,6.7
Puyuh,54,1.7166666666666666,1.25,6.616666666666666
Puyuh,55,1.4333333333333333,1.4333333333333333,6.666666666666667
Puyuh,56,1.4,1.7833333333333334,5.916666666666667
Puyuh,57,1.0333333333333334,1.4666666666666666,5.85
Puyuh,58,1.1666666666666667,1.95,5.883333333333334
Puyuh,59,1.35,1.3666666666666667,5.866666666666666
Puyuh,60,1.6166666666666667,1.65,5.25
Puyuh,61,1.5166666666666666,1.6166666666666667,5.55
Puyuh,62,1.3,1.7666666666666666,4.883333333333334
Puyuh,63,1.5,1.65,5.55
Puyuh,64,1.5166666666666666,1.2833333333333334,5.066666666666666
Puyuh,65,1.2333333333333334,1.6333333333333333,6.133333333333334
Puyuh,66,1.4,1.4666666666666666,5.383333333333334
Puyuh,67,1.45,1.6166666666666667,5.016666666666667
Puyuh,68,1.25,1.3666666666666667,5.183333333333334
Puyuh,69,1.4166666666666667,1.5,5.516666666666667
Puyuh,70,1.3833333333333333,1.6833333333333333,5.133333333333334
Puyuh,71,1.6166666666666667,1.5833333333333333,5.116666666666666
Puyuh,72,1.6333333333333333,1.4833333333333334,5.35
Puyuh,73,1.3166666666666667,1.7833333333333334,5.55
Puyuh,74,1.0833333333333333,1.7833333333333334,5.116666666666666
Puyuh,75,1.4166666666666667,1.4166666666666667,5.683333333333334
Puyuh,76,1.3833333333333333,1.4,4.35
Puyuh,77,1.3166666666666667,1.6833333333333333,5.083333333333333
Puyuh,78,1.3166666666666667,1.3,4.816666666666666
Puyuh,79,1.65,1.5833333333333333,5.2
Puyuh,80,1.5333333333333334,1.8166666666666667,5.166666666666667
Puyuh,81,1.2,1.9333333333333333,5.016666666666667
Puyuh,82,1.35,1.9,4.75
Puyuh,83,1.0333333333333334,2.0166666666666666,4.766666666666667
Puyuh,84,1.5166666666666666,2.1,4.766666666666667
Puyuh,85,1.4,2.1333333333333333,4.6
Puyuh,86,1.3666666666666667,2.216666666666667,4.45
Puyuh,87,1.25,2.85,4.716666666666667
Puyuh,88,0.9833333333333333,4.616666666666666,5.25
Puyuh,89,1.3,5.05,4.583333333333333
Puyuh,90,1.3333333333333333,4.95,4.8
Puyuh,91,1.4333333333333333,2.85,4.183333333333334
Puyuh,92,1.4166666666666667,2.0833333333333335,4.933333333333334
Puyuh,93,1.7333333333333334,2.0166666666666666,5.616666666666666
Puyuh,94,1.7833333333333334,1.4166666666666667,6.166666666666667
Puyuh,95,1.7333333333333334,1.55,6.3
Puyuh,96,2.0166666666666666,1.8833333333333333,7.316666666666666
Puyuh,97,2.066666666666667,1.7166666666666666,7.866666666666666
Puyuh,98,1.75,1.8166666666666667,9.816666666666666
Puyuh,99,1.9666666666666666,1.85,10.2
Puyuh,100,3.183333333333333,1.6333333333333333,11.7
Puyuh,101,4.966666666666667,1.7666666666666666,13.75
Puyuh,102,4.683333333333334,2.4833333333333334,16.25
Puyuh,103,3.2,2.1166666666666667,16.4
Puyuh,104,3.066666666666667,2.3,18.1
Puyuh,105,2.183333333333333,2.8666666666666667,18.683333333333334
Puyuh,106,1.9,2.75,18.816666666666666
Puyuh,107,1.7166666666666666,2.6666666666666665,19.566666666666666
Puyuh,108,1.5166666666666666,2.75,18.883333333333333
Puyuh,109,1.4,2.85,18.35
Puyuh,110,1.6,2.216666666666667,17.45
Puyuh,111,1.6666666666666667,2.2333333333333334,17.416666666666668
Puyuh,112,1.65,2.1,19.083333333333332
Puyuh,113,1.45,2.15,17.616666666666667
Puyuh,114,1.4833333333333334,2.2666666666666666,17.5
Puyuh,115,1.6333333333333333,1.9833333333333334,17.85
Puyuh,116,1.5166666666666666,2.566666666666667,17.866666666666667
Puyuh,117,1.7333333333333334,2.1666666666666665,19.166666666666668
Puyuh,118,1.9,2.3333333333333335,19.616666666666667
Puyuh,119,2.6166666666666667,2.1166666666666667,20.866666666666667
Puyuh,120,2.433333333333333,2.566666666666667,23.483333333333334
Puyuh,121,2.066666666666667,2.3666666666666667,22.366666666666667
Puyuh,122,2.283333333333333,2.6166666666666667,24.683333333333334
Puyuh,123,2.4166666666666665,2.4,27.566666666666666
Puyuh,124,2.3333333333333335,2.7333333333333334,28.283333333333335
Puyuh,125,2.2,3.033333333333333,28.45
Puyuh,126,2.2333333333333334,4.016666666666667,28.816666666666666
Puyuh,127,1.6,5.516666666666667,28.916666666666668
Puyuh,128,2.033333333333333,8.1,27.8
Puyuh,129,1.9,10.866666666666667,28.183333333333334
Puyuh,130,1.7666666666666666,15.15,27.733333333333334
Puyuh,131,1.7333333333333334,20.833333333333332,26.633333333333333
Puyuh,132,1.7333333333333334,25.883333333333333,25.566666666666666
Puyuh,133,1.7666666666666666,32.516666666666666,27.2
Puyuh,134,2.033333333333333,38.0,25.233333333333334
Puyuh,135,2.2,43.71666666666667,24.133333333333333
Puyuh,136,2.3,46.88333333333333,21.316666666666666
Puyuh,137,2.1333333333333333,46.833333333333336,17.516666666666666
Puyuh,138,2.2,50.11666666666667,15.066666666666666
Puyuh,139,2.1666666666666665,50.95,11.8
Puyuh,140,2.15,53.35,8.65
Puyuh,141,1.9333333333333333,59.983333333333334,7.133333333333334
Puyuh,142,2.316666666666667,73.56666666666666,4.766666666666667
Puyuh,143,2.3833333333333333,106.78333333333333,3.8
Puyuh,144,2.6166666666666667,186.96666666666667,2.5166666666666666
Puyuh,145,3.566666666666667,350.01666666666665,1.9833333333333334
Puyuh,146,5.216666666666667,673.2833333333333,1.6166666666666667
Puyuh,147,6.616666666666666,1206.65,1.2
Puyuh,148,9.6,2051.8,0.9333333333333333
Puyuh,149,13.116666666666667,3414.7833333333333,0.8
Puyuh,150,17.216666666666665,4970.583333333333,0.9166666666666666
Puyuh,151,22.516666666666666,6683.666666666667,0.6833333333333333
Puyuh,152,26.583333333333332,8658.766666666666,0.6
Puyuh,153,31.5,7943.966666666666,0.75
Puyuh,154,36.7,5394.016666666666,0.6166666666666667
Puyuh,155,40.56666666666667,3562.483333333333,0.6666666666666666
Puyuh,156,40.75,2441.7166666666667,0.8666666666666667
Puyuh,157,42.9,1726.9,0.6166666666666667
Puyuh,158,43.93333333333333,1246.8,0.7
Puyuh,159,45.55,937.2833333333333,0.5
Puyuh,160,46.233333333333334,704.6833333333333,0.7666666666666667
Puyuh,161,48.15,466.46666666666664,0.6666666666666666
Puyuh,162,49.8,281.43333333333334,0.95
Puyuh,163,51.833333333333336,161.63333333333333,1.0166666666666666
Puyuh,164,50.21666666666667,90.25,0.8333333333333334
Puyuh,165,52.38333333333333,68.96666666666667,1.0
Puyuh,166,54.916666666666664,58.61666666666667,0.7166666666666667
Puyuh,167,56.233333333333334,54.083333333333336,0.95
Puyuh,168,64.96666666666667,50.96666666666667,0.9833333333333333
Puyuh,169,83.65,47.666666666666664,0.75
Puyuh,170,130.41666666666666,40.4,0.8833333333333333
Puyuh,171,222.96666666666667,33.9,0.6166666666666667
Puyuh,172,394.6166666666667,25.683333333333334,0.8666666666666667
Puyuh,173,634.85,18.366666666666667,0.7833333333333333
Puyuh,174,882.05,12.216666666666667,0.8666666666666667
Puyuh,175,1182.3666666666666,9.066666666666666,0.8833333333333333
Puyuh,176,1526.0166666666667,6.966666666666667,0.8166666666666667
Puyuh,177,2079.233333333333,5.1,0.8166666666666667
Puyuh,178,2867.5333333333333,4.35,1.0333333333333334
Puyuh,179,3901.2,4.133333333333334,0.8166666666666667
Puyuh,180,5289.733333333334,4.083333333333333,0.95
Puyuh,181,7056.816666666667,3.3833333333333333,0.8333333333333334
Puyuh,182,7765.083333333333,3.566666666666667,0.8666666666666667
Puyuh,183,7648.566666666667,2.65,1.1166666666666667
Puyuh,184,6043.233333333334,2.8333333333333335,1.1833333333333333
Puyuh,185,3233.55,2.9,1.0833333333333333
Puyuh,186,1399.0,3.2,1.1
Puyuh,187,564.6666666666666,3.0166666666666666,0.9833333333333333
Puyuh,188,241.31666666666666,2.7666666666666666,0.8833333333333333
Puyuh,189,108.8,2.55,1.2666666666666666
Puyuh,190,55.36666666666667,2.0833333333333335,0.95
Puyuh,191,30.133333333333333,2.55,0.8166666666666667
Puyuh,192,19.283333333333335,2.533333333333333,0.9833333333333333
Puyuh,193,12.783333333333333,2.2333333333333334,0.8833333333333333
Puyuh,194,9.266666666666667,2.3,0.95
Puyuh,195,8.033333333333333,1.6833333333333333,1.05
Puyuh,196,6.5,1.9833333333333334,0.8166666666666667
Puyuh,197,5.75,2.1333333333333333,0.7333333333333333
Puyuh,198,5.4,2.1666666666666665,0.8166666666666667
Puyuh,199,4.166666666666667,1.95,1.2166666666666666
Puyuh,200,4.266666666666667,1.5666666666666667,0.7833333333333333
Puyuh,201,4.3,1.4166666666666667,0.9333333333333333
Puyuh,202,3.9,1.4833333333333334,0.7333333333333333
Puyuh,203,3.6333333333333333,1.3166666666666667,0.8166666666666667
Puyuh,204,3.716666666666667,1.5166666666666666,0.85
Puyuh,205,3.45,1.1833333333333333,0.7
Puyuh,206,3.6,1.1833333333333333,0.75
Puyuh,207,3.283333333333333,1.4666666666666666,0.7833333333333333
Puyuh,208,3.4833333333333334,1.2666666666666666,0.9
Puyuh,209,3.4,1.4,1.0666666666666667
Puyuh,210,3.033333333333333,1.2166666666666666,1.15
Puyuh,211,2.6,1.15,0.7666666666666667
Puyuh,212,2.8333333333333335,1.2333333333333334,0.95
Puyuh,213,2.716666666666667,1.1333333333333333,1.0166666666666666
Puyuh,214,2.75,1.1666666666666667,1.0833333333333333
Puyuh,215,2.966666666666667,1.3333333333333333,1.1333333333333333
Puyuh,216,2.433333333333333,0.9666666666666667,0.9333333333333333
Puyuh,217,2.3333333333333335,1.2833333333333334,1.2
Puyuh,218,2.1166666666666667,0.95,1.3333333333333333
Puyuh,219,2.283333333333333,1.0333333333333334,1.3666666666666667
Puyuh,220,2.433333333333333,1.0333333333333334,1.0833333333333333
Puyuh,221,2.0166666666666666,1.1166666666666667,1.3666666666666667
Puyuh,222,2.1333333333333333,1.25,1.65
Puyuh,223,1.8,1.0166666666666666,1.6166666666666667
Puyuh,224,2.05,1.2666666666666666,1.6833333333333333
Puyuh,225,1.8166666666666667,1.2333333333333334,1.5
Puyuh,226,1.7333333333333334,1.1,1.7833333333333334
Puyuh,227,1.6333333333333333,1.15,1.9166666666666667
Puyuh,228,1.7333333333333334,1.2333333333333334,2.1333333333333333
Puyuh,229,1.4333333333333333,1.15,2.2
Puyuh,230,1.5,1.35,2.2
Puyuh,231,1.6166666666666667,1.2166666666666666,2.316666666666667
Puyuh,232,1.6,1.0,2.5
Puyuh,233,1.4833333333333334,0.9833333333333333,3.05
Puyuh,234,1.25,1.5333333333333334,3.2333333333333334
Puyuh,235,1.7833333333333334,1.4,3.6166666666666667
Puyuh,236,1.6333333333333333,1.3,3.95
Puyuh,237,1.4333333333333333,1.5333333333333334,4.816666666666666
Puyuh,238,1.6166666666666667,1.2833333333333334,5.1
Puyuh,239,1.4666666666666666,1.45,6.45
Puyuh,240,1.9166666666666667,1.5333333333333334,7.3
Puyuh,241,1.85,1.2833333333333334,8.733333333333333
Puyuh,242,1.7333333333333334,1.3833333333333333,10.116666666666667
Puyuh,243,1.5166666666666666,1.4833333333333334,15.883333333333333
Puyuh,244,1.6166666666666667,1.6333333333333333,17.25
Puyuh,245,1.75,1.7166666666666666,12.666666666666666
Puyuh,246,1.7333333333333334,2.0166666666666666,13.416666666666666
Puyuh,247,1.9833333333333334,2.1666666666666665,8.633333333333333
Puyuh,248,2.216666666666667,2.1333333333333333,8.966666666666667
Puyuh,249,2.4,2.3333333333333335,4.316666666666666
Puyuh,250,2.6666666666666665,3.0,3.1333333333333333
Puyuh,251,3.183333333333333,2.966666666666667,0.5833333333333334
Puyuh,252,4.7,4.15,0.15
Puyuh,253,7.833333333333333,6.683333333333334,0.08333333333333333
Puyuh,254,23.566666666666666,23.666666666666668,0.0
Puyuh,255,153.53333333333333,139.56666666666666,0.0
